{
  "awg520_connections": {
    "description": "Connection map for SCC experiments with IQ modulator, laser, and counter",
    "channels": {
      "1": {
        "connection": "IQ_modulator_I_input",
        "type": "analog",
        "calibration_delays": ["iq_delay"],
        "description": "Microwave I quadrature input to IQ modulator",
        "voltage_range": "±1V",
        "impedance": "50Ω"
      },
      "2": {
        "connection": "IQ_modulator_Q_input",
        "type": "analog",
        "calibration_delays": ["iq_delay"],
        "description": "Microwave Q quadrature input to IQ modulator",
        "voltage_range": "±1V",
        "impedance": "50Ω"
      }
    },
    "markers": {
      "ch1_marker1": {
        "connection": "orange_laser_switch",
        "type": "digital",
        "calibration_delays": ["orange_laser_delay"],
        "description": "Laser on/off control signal",
        "voltage": "3.3V",
        "impedance": "50Ω"
      },
      "ch1_marker2": {
        "connection": "green_laser_switch",
        "type": "digital",
        "calibration_delays": ["green_laser_delay"],
        "description": "Laser on/off control signal",
        "voltage": "3.3V",
        "impedance": "50Ω"
      },
      "ch2_marker1": {
        "connection": "unassigned",
        "type": "digital",
        "calibration_delays": [],
        "description": "Available for future use",
        "voltage": "3.3V",
        "impedance": "50Ω"
      },
      "ch2_marker2": {
        "connection": "counter_trigger",
        "type": "digital",
        "calibration_delays": ["counter_delay"],
        "description": "Counter/DAQ trigger signal",
        "voltage": "3.3V",
        "impedance": "50Ω"
      }
    }
  },
  "calibration_delays": {
    "description": "Calibration delays for SCC experiments",
    "orange_laser_delay": 50.0,
    "green_laser_delay": 50.0,
    "mw_delay": 25.0,
    "iq_delay": 30.0,
    "counter_delay": 15.0,
    "trigger_delay": 10.0,
    "units": "ns",
    "notes": "Delays represent time to shift events BACKWARD so they arrive at experiment at intended time"
  },
  "experiment_types": {
    "odmr": {
      "description": "odmr experiment using IQ modulator and laser",
      "required_connections": ["ch1", "ch2", "ch1_marker2", "ch2_marker2"],
      "optional_connections": ["ch1_marker1", "ch2_marker1"]
    },
    "rabi": {
      "description": "Rabi oscillation experiment",
      "required_connections": ["ch1", "ch2", "ch1_marker2", "ch2_marker2"],
      "optional_connections": ["ch1_marker1", "ch2_marker1"]
    },
    "spin_echo": {
      "description": "Spin echo experiment",
      "required_connections": ["ch1", "ch2", "ch1_marker2", "ch2_marker2"],
      "optional_connections": ["ch1_marker1", "ch2_marker1"]
    },
    "scc": {
      "description": "scc experiment using IQ modulator and laser",
      "required_connections": ["ch1", "ch2", "ch1_marker1","ch1_marker2", "ch2_marker2"],
      "optional_connections": ["ch2_marker1"]
    }
  },
  "setup_instructions": [
    "1. This file defines the AWG520 connection map for SCC experiments",
    "2. Modify connection descriptions for your specific lab setup",
    "3. Measure and update calibration delays for your hardware",
    "4. Verify connections match your physical setup",
    "5. Channel 1: IQ modulator I input (microwave pulses)",
    "6. Channel 2: IQ modulator Q input (microwave pulses)",
    "7. ch1_marker1: Orange Laser switch control",
    "8. ch1_marker2: Green Laser switch control",
    "9. ch2_marker2: Counter/DAQ trigger"
  ]
}